id,symbol,timestamp,price,volume
1,XYZ,10:05:41,18.63,169
2,ABC,10:01:54,16.37,598
3,ABC,10:10:31,18.59,498
4,XYZ,10:10:06,18.85,587
5,XYZ,10:13:17,19.95,634
6,ABC,10:07:24,16.97,277
7,ABC,10:12:47,17.23,471
8,ABC,10:12:55,17.63,27
9,XYZ,10:10:59,19.73,148
10,ABC,10:12:26,16.74,914
11,ABC,10:14:49,19.46,465
12,ABC,10:00:23,17.63,393
13,XYZ,10:11:26,18.99,566
14,ABC,10:08:47,17.08,251
15,XYZ,10:01:29,16.37,101
16,ABC,10:01:22,16.12,630
17,ABC,10:09:51,18.93,308
18,XYZ,10:10:20,19.28,384
19,XYZ,10:06:30,18.91,874
20,XYZ,10:06:01,17.52,346
21,ABC,10:10:47,17.3,963
22,XYZ,10:12:45,17.87,924
23,XYZ,10:05:49,16.64,547
24,XYZ,10:13:19,16.53,455
25,XYZ,10:06:50,17.54,202
26,ABC,10:07:45,17.89,872
27,ABC,10:05:55,17.68,222
28,ABC,10:11:38,19.56,193
29,XYZ,10:11:28,17.37,438
30,ABC,10:05:05,18.86,764
31,ABC,10:07:49,16.39,247
32,XYZ,10:07:15,16.53,693
33,ABC,10:11:49,19.36,263
34,XYZ,10:13:29,17.01,113
35,XYZ,10:01:24,19.91,862
36,XYZ,10:07:15,16.06,79
37,XYZ,10:13:39,19.51,502
38,ABC,10:05:59,17.67,260
39,XYZ,10:12:15,16.64,180
40,XYZ,10:06:54,16.28,636
41,XYZ,10:11:11,18.74,591
42,ABC,10:11:16,16.13,891
43,XYZ,10:10:10,16.25,483
44,ABC,10:10:52,18.59,45
45,ABC,10:12:07,18.65,25
46,XYZ,10:08:01,17.6,687
47,XYZ,10:06:02,18.46,719
48,XYZ,10:13:47,19.8,349
49,XYZ,10:13:26,18.17,625
50,ABC,10:13:00,16.27,382
51,XYZ,10:04:53,18.46,741
52,ABC,10:04:21,18.68,231
53,XYZ,10:00:25,17.13,274
54,XYZ,10:10:11,19.63,299
55,XYZ,10:13:16,18.81,908
56,XYZ,10:10:53,18.39,789
57,XYZ,10:08:20,19.32,747
58,ABC,10:02:53,16.89,885
59,XYZ,10:14:46,17.11,274
60,XYZ,10:07:52,19.43,138
61,XYZ,10:11:29,16.29,839
62,ABC,10:10:26,19.46,75
63,XYZ,10:03:28,18.19,120
64,ABC,10:13:19,16.69,977
65,ABC,10:04:49,18.98,747
66,XYZ,10:08:13,17.05,764
67,XYZ,10:12:03,17.7,109
68,XYZ,10:03:27,19.46,689
69,ABC,10:04:33,19.43,787
70,ABC,10:10:11,16.65,115
71,ABC,10:03:35,16.95,361
72,XYZ,10:07:40,19.74,46
73,ABC,10:01:45,19.56,890
74,ABC,10:04:30,17.92,741
75,ABC,10:08:38,18.23,98
76,XYZ,10:00:12,16.41,822
77,ABC,10:01:04,16.73,859
78,ABC,10:12:29,17.37,897
79,XYZ,10:04:30,19.11,951
80,XYZ,10:12:37,17.38,727
81,ABC,10:10:10,17.09,946
82,XYZ,10:06:57,17.6,619
83,ABC,10:06:13,17.46,276
84,XYZ,10:01:34,16.5,868
85,ABC,10:09:03,19.54,345
86,ABC,10:04:16,19.1,575
87,ABC,10:05:21,18.51,810
88,ABC,10:10:59,16.46,738
89,XYZ,10:08:01,19.98,487
90,XYZ,10:09:20,17.72,667
91,XYZ,10:13:09,16.99,878
92,XYZ,10:09:14,19.22,666
93,ABC,10:00:46,16.34,381
94,ABC,10:11:38,17.93,988
95,ABC,10:05:08,18.9,511
96,XYZ,10:04:48,19.85,931
97,ABC,10:14:17,19.17,35
98,XYZ,10:12:22,19.7,253
99,ABC,10:04:52,19.04,71
100,ABC,10:06:10,18.7,152
101,XYZ,10:07:50,18.39,539
102,ABC,10:00:31,16.76,463
103,ABC,10:05:40,17.16,658
104,XYZ,10:07:29,17.58,452
105,ABC,10:07:00,16.88,631
106,XYZ,10:05:43,19.46,323
107,XYZ,10:14:31,17.16,27
108,XYZ,10:09:32,18.91,790
109,ABC,10:11:56,19.37,591
110,XYZ,10:08:33,19.27,974
111,ABC,10:14:38,16.29,580
112,XYZ,10:06:01,16.65,736
113,XYZ,10:06:47,18.32,817
114,ABC,10:10:41,19.91,385
115,ABC,10:13:26,17.42,761
116,XYZ,10:04:30,18.24,920
117,ABC,10:05:11,17.35,90
118,XYZ,10:08:03,16.28,775
119,ABC,10:07:59,19.74,547
120,ABC,10:01:43,19.51,439
121,XYZ,10:10:13,19.58,996
122,XYZ,10:14:10,18.3,756
123,XYZ,10:12:51,17.08,623
124,XYZ,10:15:00,18.8,982
125,ABC,10:08:20,19.82,597
126,ABC,10:04:48,18.8,118
127,ABC,10:10:05,18.65,701
128,XYZ,10:13:11,17.46,416
129,XYZ,10:01:43,16.44,425
130,XYZ,10:04:59,17.35,961
131,ABC,10:09:10,17.86,740
132,ABC,10:07:24,18.51,784
133,XYZ,10:01:32,16.47,239
134,XYZ,10:08:15,17.69,435
135,ABC,10:05:34,17.89,104
136,ABC,10:02:31,18.61,682
137,ABC,10:04:46,18.38,212
138,XYZ,10:04:37,17.27,791
139,XYZ,10:06:37,17.68,880
140,XYZ,10:08:28,16.4,1000
141,ABC,10:04:15,16.34,990
142,XYZ,10:02:50,16.32,736
143,ABC,10:02:44,19.0,466
144,XYZ,10:06:09,17.25,729
145,XYZ,10:09:24,19.05,165
146,ABC,10:03:21,18.01,456
147,XYZ,10:13:23,19.91,507
148,ABC,10:06:27,18.16,844
149,ABC,10:00:13,17.95,736
150,XYZ,10:02:56,17.5,227
151,ABC,10:10:29,19.34,184
152,ABC,10:00:09,17.79,888
153,XYZ,10:13:56,19.94,595
154,XYZ,10:13:47,18.56,35
155,XYZ,10:09:23,19.45,602
156,XYZ,10:06:19,19.16,429
157,XYZ,10:09:14,17.54,745
158,ABC,10:10:44,16.13,75
159,ABC,10:13:18,18.28,143
160,XYZ,10:05:23,19.46,99
161,ABC,10:13:37,19.03,692
162,ABC,10:02:24,19.38,367
163,ABC,10:12:11,17.29,651
164,ABC,10:05:45,19.6,304
165,ABC,10:00:59,16.07,393
166,ABC,10:09:45,19.6,347
167,ABC,10:00:39,17.67,298
168,XYZ,10:09:14,18.9,802
169,XYZ,10:12:04,18.2,922
170,ABC,10:07:30,19.5,937
171,XYZ,10:11:22,18.94,78
172,ABC,10:04:31,18.95,908
173,ABC,10:11:46,19.57,163
174,XYZ,10:13:08,19.75,892
175,ABC,10:02:17,17.5,552
176,XYZ,10:13:31,17.31,792
177,XYZ,10:06:13,18.82,758
178,XYZ,10:09:38,17.26,660
179,XYZ,10:05:47,18.18,998
180,XYZ,10:02:31,16.72,887
181,ABC,10:11:33,16.52,431
182,XYZ,10:00:03,17.98,147
183,ABC,10:13:37,18.89,990
184,ABC,10:11:25,16.9,626
185,ABC,10:08:38,16.17,765
186,ABC,10:10:48,18.73,266
187,ABC,10:10:48,19.14,991
188,XYZ,10:05:58,16.52,408
189,XYZ,10:14:02,19.93,876
190,XYZ,10:01:57,18.41,941
191,XYZ,10:05:41,19.72,599
192,ABC,10:13:31,19.85,616
193,XYZ,10:02:04,18.88,505
194,ABC,10:14:18,16.36,564
195,XYZ,10:06:58,17.85,780
196,XYZ,10:05:55,16.4,690
197,XYZ,10:09:45,16.53,870
198,XYZ,10:13:26,16.83,265
199,XYZ,10:14:57,17.12,1000
200,ABC,10:10:04,16.29,663
201,ABC,10:14:54,19.11,23
202,XYZ,10:05:48,17.0,294
203,ABC,10:09:26,16.24,841
204,XYZ,10:13:55,19.02,382
205,XYZ,10:07:58,17.71,899
206,ABC,10:07:43,18.14,788
207,ABC,10:02:48,19.56,760
208,XYZ,10:03:19,17.83,94
209,ABC,10:00:45,17.85,374
210,ABC,10:14:19,19.25,770
211,XYZ,10:13:52,19.99,573
212,XYZ,10:08:01,17.07,564
213,ABC,10:07:32,18.71,790
214,XYZ,10:00:05,19.2,717
215,XYZ,10:03:19,17.61,721
216,ABC,10:06:41,16.77,385
217,XYZ,10:11:42,16.28,254
218,XYZ,10:08:47,18.82,754
219,XYZ,10:00:19,18.75,572
220,XYZ,10:12:25,19.2,586
221,XYZ,10:06:28,17.19,817
222,XYZ,10:14:10,19.34,431
223,ABC,10:00:44,19.9,551
224,ABC,10:05:41,16.82,600
225,XYZ,10:14:39,17.97,132
226,XYZ,10:07:27,17.78,30
227,XYZ,10:08:33,17.23,405
228,XYZ,10:08:57,17.98,566
229,XYZ,10:06:08,18.34,633
230,XYZ,10:07:15,19.22,688
231,ABC,10:03:53,17.95,316
232,XYZ,10:08:09,19.9,916
233,ABC,10:11:54,17.97,194
234,XYZ,10:12:33,17.78,627
235,ABC,10:09:21,17.92,307
236,ABC,10:06:07,17.63,10
237,ABC,10:14:38,18.16,253
238,XYZ,10:11:07,18.89,843
239,ABC,10:08:37,17.58,965
240,XYZ,10:10:40,17.3,634
241,ABC,10:11:18,19.07,93
242,ABC,10:00:04,18.34,987
243,XYZ,10:02:54,19.9,551
244,XYZ,10:12:45,16.01,966
245,ABC,10:13:23,19.06,55
246,XYZ,10:10:16,16.95,962
247,ABC,10:08:40,19.41,624
248,XYZ,10:12:06,19.85,775
249,XYZ,10:00:22,18.13,46
250,XYZ,10:00:14,18.55,882
251,ABC,10:09:54,16.72,342
252,XYZ,10:07:39,19.98,557
253,ABC,10:01:34,16.31,385
254,XYZ,10:03:03,17.01,998
255,XYZ,10:14:04,19.9,709
256,XYZ,10:01:00,17.03,503
257,ABC,10:07:32,18.56,573
258,XYZ,10:04:46,17.11,192
259,ABC,10:13:36,19.47,803
260,XYZ,10:11:39,16.59,220
261,ABC,10:05:21,17.47,812
262,XYZ,10:10:46,18.62,262
263,ABC,10:02:33,19.99,904
264,XYZ,10:10:20,19.99,17
265,XYZ,10:11:38,16.88,435
266,XYZ,10:08:38,16.94,769
267,XYZ,10:11:48,16.3,817
268,XYZ,10:06:10,17.95,296
269,ABC,10:00:00,17.88,407
270,XYZ,10:13:02,16.68,308
271,ABC,10:02:26,19.26,799
272,XYZ,10:09:52,16.57,830
273,XYZ,10:01:28,17.72,441
274,ABC,10:08:04,16.64,669
275,ABC,10:14:59,16.23,55
276,ABC,10:07:28,19.26,417
277,XYZ,10:06:50,18.61,54
278,XYZ,10:07:25,16.04,411
279,XYZ,10:00:56,17.38,75
280,ABC,10:03:48,16.68,67
281,ABC,10:06:06,18.65,811
282,XYZ,10:07:22,17.16,402
283,ABC,10:04:00,19.07,644
284,XYZ,10:01:33,17.08,183
285,ABC,10:02:14,16.63,154
286,XYZ,10:00:31,17.86,10
287,XYZ,10:04:28,16.98,787
288,ABC,10:14:26,18.44,855
289,XYZ,10:14:57,18.93,752
290,XYZ,10:05:36,16.36,588
291,XYZ,10:08:54,18.27,144
292,XYZ,10:08:58,19.28,440
293,XYZ,10:01:50,19.45,679
294,XYZ,10:06:12,19.71,572
295,XYZ,10:13:58,18.44,446
296,XYZ,10:12:02,19.87,138
297,XYZ,10:12:45,16.77,389
298,XYZ,10:07:42,19.54,290
299,XYZ,10:12:57,17.38,28
300,ABC,10:02:58,17.38,200
301,XYZ,10:02:35,17.73,132
302,XYZ,10:13:22,18.35,600
303,ABC,10:09:27,16.1,417
304,XYZ,10:07:04,18.22,419
305,XYZ,10:14:50,18.18,206
306,XYZ,10:14:14,19.45,851
307,XYZ,10:05:20,16.16,220
308,ABC,10:06:43,17.7,309
309,ABC,10:09:32,17.35,178
310,ABC,10:05:33,18.1,373
311,ABC,10:07:13,20.0,332
312,XYZ,10:09:44,16.96,485
313,ABC,10:05:52,19.3,305
314,XYZ,10:00:34,16.76,308
315,ABC,10:14:07,18.35,195
316,XYZ,10:00:10,19.8,501
317,ABC,10:08:19,17.74,860
318,ABC,10:05:18,19.85,491
319,XYZ,10:00:13,17.91,179
320,XYZ,10:10:03,18.66,482
321,XYZ,10:06:43,19.52,703
322,ABC,10:10:27,18.86,886
323,ABC,10:12:41,17.11,363
324,ABC,10:04:56,16.1,95
325,ABC,10:10:11,16.41,788
326,XYZ,10:06:55,18.21,214
327,XYZ,10:00:20,17.64,186
328,XYZ,10:00:07,16.8,993
329,XYZ,10:08:36,19.71,766
330,XYZ,10:06:44,18.59,888
331,XYZ,10:11:47,19.67,106
332,XYZ,10:08:20,19.75,958
333,ABC,10:08:49,19.31,252
334,ABC,10:09:06,19.26,502
335,ABC,10:05:28,17.85,402
336,ABC,10:07:50,17.25,934
337,XYZ,10:03:15,18.48,844
338,ABC,10:06:18,16.24,741
339,XYZ,10:09:57,18.72,444
340,XYZ,10:14:11,16.25,911
341,XYZ,10:07:18,18.7,815
342,ABC,10:13:57,16.62,376
343,XYZ,10:14:54,18.75,649
344,ABC,10:06:41,18.86,847
345,ABC,10:13:08,18.07,724
346,XYZ,10:01:17,19.32,863
347,XYZ,10:07:29,17.25,169
348,XYZ,10:08:43,19.77,77
349,XYZ,10:11:21,19.19,54
350,XYZ,10:05:13,19.31,44
351,ABC,10:07:29,17.68,566
352,ABC,10:02:41,19.83,222
353,ABC,10:07:05,17.74,258
354,ABC,10:14:22,18.83,669
355,ABC,10:06:01,19.35,455
356,XYZ,10:09:28,17.88,76
357,XYZ,10:02:34,18.52,583
358,ABC,10:10:38,17.54,331
359,XYZ,10:14:14,17.8,685
360,ABC,10:09:15,19.38,880
361,XYZ,10:11:03,17.58,461
362,ABC,10:13:24,17.02,355
363,ABC,10:06:22,17.82,280
364,XYZ,10:02:23,17.38,589
365,ABC,10:03:27,18.91,199
366,XYZ,10:03:44,18.8,809
367,XYZ,10:01:38,19.78,363
368,ABC,10:05:22,17.35,637
369,ABC,10:08:14,18.58,463
370,XYZ,10:04:11,17.83,164
371,XYZ,10:04:24,18.66,859
372,XYZ,10:10:43,17.94,142
373,ABC,10:14:24,16.76,106
374,ABC,10:12:26,16.7,330
375,XYZ,10:11:51,19.06,699
376,ABC,10:07:47,17.12,753
377,XYZ,10:09:57,17.83,560
378,XYZ,10:00:53,19.38,749
379,XYZ,10:06:43,16.42,381
380,ABC,10:09:31,16.94,754
381,XYZ,10:12:11,16.54,202
382,XYZ,10:14:39,18.41,691
383,ABC,10:10:56,19.57,217
384,XYZ,10:09:17,18.55,787
385,XYZ,10:06:49,17.09,130
386,XYZ,10:13:27,19.12,703
387,XYZ,10:10:35,18.97,107
388,ABC,10:03:11,16.93,913
389,XYZ,10:02:18,19.43,136
390,ABC,10:12:44,17.84,642
391,XYZ,10:14:08,17.7,283
392,ABC,10:13:24,18.37,334
393,ABC,10:03:43,19.48,505
394,ABC,10:09:22,17.02,784
395,XYZ,10:14:05,19.87,288
396,ABC,10:11:56,18.21,558
397,ABC,10:03:22,19.84,195
398,ABC,10:00:44,16.78,747
399,ABC,10:10:53,19.02,651
400,ABC,10:10:59,16.01,210
401,XYZ,10:00:46,17.52,830
402,XYZ,10:06:46,19.42,62
403,XYZ,10:12:01,17.3,339
404,XYZ,10:14:31,16.34,666
405,ABC,10:08:45,17.03,48
406,XYZ,10:02:59,19.38,410
407,ABC,10:11:28,18.85,125
408,XYZ,10:06:29,16.21,957
409,XYZ,10:02:19,16.2,246
410,ABC,10:04:37,18.09,672
411,XYZ,10:13:20,16.7,405
412,ABC,10:07:23,19.69,208
413,XYZ,10:10:21,16.87,668
414,ABC,10:00:32,18.36,326
415,XYZ,10:02:10,17.99,153
416,XYZ,10:05:12,18.34,554
417,XYZ,10:13:45,19.05,229
418,ABC,10:04:56,19.08,415
419,XYZ,10:13:49,17.15,122
420,ABC,10:01:02,16.47,40
421,XYZ,10:13:58,19.59,687
422,ABC,10:06:50,16.49,137
423,ABC,10:03:51,19.55,730
424,XYZ,10:03:52,18.11,296
425,XYZ,10:09:18,16.31,159
426,XYZ,10:07:04,17.05,207
427,ABC,10:01:14,16.02,55
428,ABC,10:12:56,19.99,383
429,ABC,10:10:30,18.19,106
430,ABC,10:01:19,16.83,809
431,ABC,10:05:40,18.65,398
432,XYZ,10:04:46,16.76,260
433,ABC,10:12:43,19.73,565
434,ABC,10:07:50,18.36,337
435,ABC,10:03:05,18.63,398
436,XYZ,10:11:38,19.01,932
437,XYZ,10:00:17,18.82,337
438,ABC,10:06:43,18.52,298
439,XYZ,10:05:21,17.8,502
440,ABC,10:10:16,19.12,218
441,ABC,10:04:09,17.57,488
442,ABC,10:14:27,16.09,596
443,ABC,10:06:38,16.33,330
444,XYZ,10:08:07,16.27,480
445,ABC,10:04:54,18.58,616
446,XYZ,10:05:14,16.39,435
447,XYZ,10:13:55,17.37,45
448,XYZ,10:03:14,18.09,565
449,ABC,10:03:55,17.86,983
450,XYZ,10:13:38,19.93,451
451,XYZ,10:12:42,16.66,707
452,XYZ,10:04:50,18.27,670
453,XYZ,10:12:29,16.68,439
454,XYZ,10:09:17,17.39,347
455,ABC,10:13:21,16.9,560
456,ABC,10:02:43,18.56,572
457,ABC,10:11:30,19.86,385
458,XYZ,10:13:18,16.57,414
459,XYZ,10:08:38,18.93,816
460,XYZ,10:03:20,19.79,545
461,XYZ,10:14:24,16.01,229
462,ABC,10:00:43,19.09,461
463,XYZ,10:08:39,16.88,820
464,ABC,10:09:04,16.55,493
465,ABC,10:05:40,17.6,289
466,XYZ,10:03:19,18.47,651
467,XYZ,10:01:00,18.21,853
468,XYZ,10:00:28,19.61,697
469,ABC,10:13:54,17.08,888
470,XYZ,10:09:22,18.24,262
471,ABC,10:13:20,17.59,45
472,XYZ,10:10:50,17.28,862
473,ABC,10:09:02,16.71,643
474,XYZ,10:04:14,18.36,680
475,ABC,10:14:25,18.13,790
476,ABC,10:03:22,17.96,145
477,ABC,10:04:51,16.02,860
478,ABC,10:12:09,18.88,148
479,XYZ,10:01:43,18.12,186
480,ABC,10:13:13,17.66,805
481,XYZ,10:13:26,16.54,61
482,ABC,10:00:50,19.18,891
483,ABC,10:00:58,18.9,873
484,XYZ,10:04:27,19.83,638
485,ABC,10:06:52,16.26,771
486,XYZ,10:14:57,19.07,576
487,XYZ,10:11:18,18.08,311
488,ABC,10:12:16,17.39,108
489,XYZ,10:13:18,16.67,868
490,XYZ,10:01:56,17.4,822
491,ABC,10:07:35,16.62,487
492,ABC,10:07:28,19.55,630
493,XYZ,10:05:42,19.9,436
494,XYZ,10:07:38,16.42,490
495,ABC,10:07:20,18.79,771
496,XYZ,10:08:25,18.56,518
497,XYZ,10:10:43,16.74,376
498,XYZ,10:04:14,17.96,616
499,ABC,10:04:40,19.75,399
500,XYZ,10:10:00,19.3,437
501,XYZ,10:08:10,18.6,52
502,ABC,10:14:31,18.59,830
503,XYZ,10:14:28,18.76,844
504,ABC,10:12:58,17.7,20
505,ABC,10:14:41,17.87,362
506,ABC,10:14:49,16.32,709
507,ABC,10:04:52,17.11,531
508,XYZ,10:12:11,18.1,922
509,XYZ,10:04:40,19.29,613
510,ABC,10:14:30,19.37,773
511,ABC,10:00:35,18.22,204
512,ABC,10:11:09,18.62,993
513,XYZ,10:06:37,18.01,711
514,XYZ,10:01:43,19.64,830
515,XYZ,10:02:23,19.43,68
516,XYZ,10:05:25,19.34,348
517,ABC,10:07:20,19.87,609
518,XYZ,10:07:58,17.11,823
519,ABC,10:01:22,18.02,41
520,XYZ,10:13:28,16.5,380
521,XYZ,10:07:43,19.7,108
522,ABC,10:05:06,18.9,405
523,XYZ,10:11:29,19.31,732
524,XYZ,10:09:04,18.2,890
525,XYZ,10:11:59,19.99,925
526,ABC,10:01:29,18.64,541
527,ABC,10:07:22,17.39,183
528,ABC,10:02:59,19.35,193
529,XYZ,10:13:46,16.19,170
530,XYZ,10:05:05,18.12,208
531,ABC,10:07:14,17.14,663
532,XYZ,10:03:41,19.81,442
533,ABC,10:11:41,18.43,350
534,XYZ,10:12:27,19.92,800
535,XYZ,10:04:12,19.08,504
536,ABC,10:02:42,17.44,394
537,ABC,10:02:34,17.24,14
538,XYZ,10:05:48,18.82,258
539,ABC,10:12:10,19.54,818
540,ABC,10:13:23,16.51,369
541,XYZ,10:02:25,17.63,425
542,ABC,10:04:38,18.7,806
543,XYZ,10:02:31,16.24,375
544,XYZ,10:07:53,17.91,540
545,ABC,10:12:58,17.15,39
546,ABC,10:10:41,16.96,78
547,XYZ,10:05:40,19.64,923
548,XYZ,10:05:01,16.52,156
549,ABC,10:09:24,19.4,542
550,ABC,10:13:35,16.37,811
551,XYZ,10:01:45,16.65,877
552,XYZ,10:03:07,18.11,266
553,ABC,10:09:57,19.63,977
554,ABC,10:00:08,18.01,550
555,XYZ,10:13:02,19.56,774
556,ABC,10:00:47,18.62,671
557,XYZ,10:03:32,17.37,901
558,ABC,10:02:56,16.72,175
559,XYZ,10:06:21,18.22,417
560,XYZ,10:13:17,16.14,432
561,ABC,10:04:33,16.85,995
562,ABC,10:11:11,16.86,763
563,ABC,10:09:46,17.27,249
564,XYZ,10:05:11,19.41,452
565,ABC,10:13:27,19.86,305
566,XYZ,10:14:11,19.71,534
567,ABC,10:09:20,16.18,777
568,XYZ,10:07:32,17.72,403
569,XYZ,10:13:03,18.98,101
570,XYZ,10:00:43,17.58,803
571,XYZ,10:07:16,18.52,258
572,XYZ,10:02:05,17.89,538
573,ABC,10:12:13,16.21,533
574,XYZ,10:13:44,19.38,470
575,XYZ,10:06:07,19.68,960
576,ABC,10:01:25,17.06,425
577,XYZ,10:11:12,16.04,395
578,XYZ,10:10:46,19.38,871
579,XYZ,10:07:40,17.62,275
580,XYZ,10:03:06,19.29,624
581,ABC,10:05:36,19.34,178
582,ABC,10:02:22,18.88,873
583,XYZ,10:08:58,16.7,647
584,XYZ,10:06:49,17.92,759
585,ABC,10:00:47,17.32,239
586,ABC,10:03:53,17.33,170
587,XYZ,10:00:27,19.84,953
588,ABC,10:03:51,16.59,731
589,ABC,10:09:47,19.27,523
590,XYZ,10:14:38,16.67,799
591,XYZ,10:13:25,19.59,786
592,XYZ,10:14:57,17.75,233
593,ABC,10:00:16,17.71,380
594,ABC,10:10:45,18.8,782
595,ABC,10:05:43,18.13,942
596,ABC,10:09:20,18.89,217
597,ABC,10:08:35,16.29,729
598,XYZ,10:07:14,17.08,129
599,XYZ,10:11:19,18.72,652
600,XYZ,10:06:23,19.51,825
601,XYZ,10:14:11,16.85,592
602,ABC,10:01:26,18.8,361
603,ABC,10:13:47,17.9,499
604,XYZ,10:05:18,18.2,261
605,ABC,10:09:58,18.97,403
606,ABC,10:08:23,17.49,14
607,ABC,10:14:44,16.27,993
608,ABC,10:00:20,17.35,740
609,XYZ,10:10:43,16.82,179
610,ABC,10:02:03,17.65,362
611,XYZ,10:09:35,17.2,694
612,ABC,10:05:05,19.97,942
613,ABC,10:02:11,18.48,869
614,XYZ,10:06:11,17.29,751
615,XYZ,10:00:22,18.69,581
616,XYZ,10:12:29,16.2,253
617,ABC,10:09:48,18.38,502
618,XYZ,10:14:49,17.7,314
619,ABC,10:08:12,19.13,98
620,XYZ,10:00:58,19.65,493
621,ABC,10:09:04,19.08,972
622,ABC,10:03:31,17.28,675
623,ABC,10:06:39,19.45,341
624,XYZ,10:05:30,16.53,100
625,XYZ,10:12:08,18.69,984
626,XYZ,10:07:15,16.83,851
627,ABC,10:14:52,16.02,764
628,ABC,10:10:19,18.89,46
629,ABC,10:03:46,17.58,978
630,ABC,10:04:19,19.91,55
631,ABC,10:09:11,18.48,148
632,XYZ,10:04:27,18.75,354
633,ABC,10:04:06,17.44,933
634,ABC,10:07:54,17.45,788
635,XYZ,10:09:34,16.32,881
636,XYZ,10:14:34,18.32,335
637,ABC,10:02:59,19.79,166
638,XYZ,10:10:41,18.78,791
639,XYZ,10:13:51,16.13,619
640,XYZ,10:09:39,18.38,698
641,XYZ,10:08:56,16.3,51
642,ABC,10:00:56,17.02,670
643,ABC,10:13:19,16.95,29
644,XYZ,10:06:30,16.08,985
645,ABC,10:12:03,19.08,798
646,ABC,10:02:20,19.72,516
647,XYZ,10:09:40,16.73,376
648,ABC,10:09:18,16.43,794
649,XYZ,10:05:01,16.24,352
650,ABC,10:07:23,17.3,574
651,ABC,10:00:19,18.71,292
652,XYZ,10:00:48,19.95,737
653,ABC,10:09:36,16.08,555
654,ABC,10:03:30,16.11,414
655,ABC,10:01:38,18.82,489
656,XYZ,10:14:54,18.08,214
657,XYZ,10:02:50,16.55,794
658,ABC,10:10:59,16.67,550
659,XYZ,10:06:36,17.19,513
660,XYZ,10:13:14,18.69,729
661,XYZ,10:12:41,17.22,353
662,XYZ,10:13:53,17.94,768
663,XYZ,10:12:29,17.88,759
664,XYZ,10:11:04,17.22,488
665,ABC,10:06:35,18.51,906
666,ABC,10:07:25,16.63,12
667,XYZ,10:00:04,18.78,313
668,ABC,10:08:54,16.0,696
669,ABC,10:04:07,16.31,632
670,ABC,10:06:18,17.8,157
671,ABC,10:00:17,19.65,561
672,ABC,10:04:52,17.69,868
673,XYZ,10:13:22,17.81,141
674,ABC,10:10:03,17.96,844
675,ABC,10:03:11,19.43,228
676,XYZ,10:01:36,19.26,282
677,ABC,10:00:20,18.72,600
678,XYZ,10:11:55,18.66,414
679,XYZ,10:11:04,16.78,171
680,XYZ,10:10:57,17.56,210
681,ABC,10:03:06,19.28,886
682,XYZ,10:05:55,17.26,936
683,ABC,10:08:29,18.86,67
684,ABC,10:13:10,19.45,281
685,ABC,10:09:23,17.21,989
686,ABC,10:13:49,18.9,692
687,ABC,10:08:38,18.97,434
688,XYZ,10:04:44,19.23,782
689,ABC,10:02:23,19.18,275
690,ABC,10:01:54,16.55,817
691,ABC,10:08:33,16.33,606
692,ABC,10:09:00,18.52,175
693,ABC,10:01:45,16.97,677
694,XYZ,10:10:25,17.74,464
695,ABC,10:09:28,18.57,279
696,XYZ,10:07:12,19.83,91
697,ABC,10:08:38,18.65,889
698,ABC,10:02:02,19.69,446
699,XYZ,10:07:10,16.63,674
700,ABC,10:04:24,18.06,282
701,XYZ,10:03:34,19.63,215
702,ABC,10:00:12,17.7,932
703,ABC,10:13:19,19.09,97
704,ABC,10:02:11,16.79,601
705,XYZ,10:04:55,17.19,835
706,ABC,10:01:32,16.08,69
707,XYZ,10:03:41,19.9,667
708,ABC,10:01:10,16.04,342
709,XYZ,10:00:03,18.47,533
710,XYZ,10:07:47,18.42,244
711,ABC,10:11:47,17.41,747
712,ABC,10:09:03,17.23,36
713,ABC,10:06:21,16.16,906
714,ABC,10:03:40,17.39,245
715,ABC,10:06:50,17.1,50
716,XYZ,10:04:08,16.38,335
717,XYZ,10:02:49,16.6,661
718,XYZ,10:00:20,17.74,298
719,ABC,10:12:40,19.5,525
720,ABC,10:10:51,18.18,434
721,XYZ,10:00:30,18.68,445
722,ABC,10:10:34,18.54,647
723,XYZ,10:09:21,17.44,363
724,ABC,10:14:22,18.43,59
725,XYZ,10:14:54,19.75,91
726,XYZ,10:07:21,17.26,186
727,ABC,10:05:47,16.02,305
728,ABC,10:05:21,18.64,211
729,ABC,10:10:56,18.86,818
730,XYZ,10:15:00,18.61,347
731,ABC,10:05:53,16.58,352
732,ABC,10:02:22,19.65,62
733,XYZ,10:05:49,19.42,569
734,XYZ,10:07:06,19.02,248
735,XYZ,10:09:45,19.83,287
736,ABC,10:14:26,18.43,382
737,XYZ,10:02:50,17.35,554
738,XYZ,10:14:16,18.59,403
739,XYZ,10:12:59,17.64,786
740,ABC,10:12:52,17.36,707
741,ABC,10:04:57,18.45,320
742,ABC,10:12:45,18.89,297
743,XYZ,10:06:39,17.18,283
744,XYZ,10:04:08,16.35,89
745,XYZ,10:13:37,16.4,710
746,ABC,10:08:15,19.91,757
747,XYZ,10:11:33,19.75,355
748,XYZ,10:07:44,19.93,294
749,XYZ,10:03:29,18.95,34
750,XYZ,10:01:02,17.33,704
751,ABC,10:13:49,16.66,277
752,ABC,10:02:07,16.08,614
753,XYZ,10:09:30,17.65,761
754,XYZ,10:14:09,18.26,403
755,XYZ,10:08:39,16.69,470
756,ABC,10:10:24,18.21,83
757,ABC,10:10:59,17.94,375
758,ABC,10:03:02,18.76,27
759,XYZ,10:09:57,17.98,506
760,ABC,10:01:30,19.16,80
761,XYZ,10:14:42,17.6,825
762,ABC,10:05:25,19.98,739
763,ABC,10:01:14,19.99,711
764,ABC,10:11:21,19.85,467
765,ABC,10:09:41,19.68,990
766,ABC,10:03:33,16.86,308
767,ABC,10:12:46,18.72,404
768,XYZ,10:14:48,16.33,109
769,XYZ,10:04:38,16.6,610
770,XYZ,10:12:18,18.54,625
771,ABC,10:04:23,16.45,374
772,XYZ,10:02:19,18.35,953
773,ABC,10:04:18,17.22,447
774,XYZ,10:01:30,17.66,85
775,XYZ,10:04:59,16.3,598
776,ABC,10:06:13,16.15,129
777,ABC,10:11:26,16.75,351
778,XYZ,10:14:01,17.27,589
779,ABC,10:13:13,18.42,307
780,ABC,10:09:16,17.13,508
781,ABC,10:03:17,16.1,274
782,ABC,10:01:54,16.0,83
783,ABC,10:07:50,19.09,35
784,ABC,10:03:34,17.28,71
785,ABC,10:08:50,16.35,695
786,XYZ,10:07:43,18.91,287
787,ABC,10:08:46,18.47,320
788,ABC,10:08:22,19.65,165
789,XYZ,10:03:29,16.43,675
790,XYZ,10:14:16,18.89,259
791,ABC,10:08:44,18.82,436
792,XYZ,10:00:09,18.81,49
793,ABC,10:07:29,19.34,255
794,ABC,10:10:42,17.57,486
795,ABC,10:09:25,17.92,828
796,XYZ,10:08:12,16.72,419
797,ABC,10:10:07,16.57,128
798,ABC,10:14:20,17.8,638
799,ABC,10:14:14,16.92,235
800,ABC,10:05:16,19.82,736
801,XYZ,10:14:10,16.59,806
802,XYZ,10:04:53,17.03,963
803,ABC,10:07:08,16.39,14
804,ABC,10:13:51,19.5,750
805,ABC,10:11:29,18.66,623
806,ABC,10:00:14,17.39,717
807,ABC,10:00:26,17.11,496
808,XYZ,10:14:41,19.2,569
809,XYZ,10:03:51,19.7,309
810,ABC,10:06:45,18.09,503
811,ABC,10:02:22,19.65,311
812,XYZ,10:13:11,19.13,413
813,XYZ,10:14:19,19.14,566
814,XYZ,10:01:23,19.48,296
815,ABC,10:13:03,17.95,795
816,ABC,10:02:51,17.71,863
817,ABC,10:00:03,16.41,510
818,XYZ,10:07:33,18.04,882
819,ABC,10:12:29,18.98,476
820,XYZ,10:08:25,18.1,497
821,ABC,10:11:44,16.43,11
822,XYZ,10:09:43,17.75,599
823,ABC,10:00:27,18.28,595
824,XYZ,10:00:41,17.74,574
825,XYZ,10:14:55,16.08,184
826,XYZ,10:06:08,19.21,817
827,XYZ,10:05:45,19.74,488
828,XYZ,10:07:02,17.26,839
829,ABC,10:13:27,18.1,615
830,ABC,10:10:06,16.52,350
831,XYZ,10:03:16,19.83,300
832,ABC,10:10:34,18.78,71
833,ABC,10:04:48,16.39,947
834,XYZ,10:05:08,18.77,442
835,ABC,10:09:06,18.15,610
836,ABC,10:02:38,17.29,819
837,XYZ,10:09:08,18.03,504
838,ABC,10:01:38,17.09,572
839,XYZ,10:14:33,19.08,315
840,ABC,10:04:31,18.5,998
841,ABC,10:03:57,19.83,517
842,ABC,10:02:25,16.25,139
843,ABC,10:09:44,17.74,321
844,ABC,10:07:45,17.82,185
845,ABC,10:14:54,19.76,950
846,ABC,10:14:24,18.63,495
847,XYZ,10:01:45,16.2,719
848,XYZ,10:08:16,16.37,73
849,ABC,10:11:25,17.53,823
850,XYZ,10:04:13,16.81,535
851,ABC,10:10:00,17.59,96
852,ABC,10:08:18,18.52,17
853,ABC,10:03:22,19.98,653
854,ABC,10:09:17,16.75,419
855,XYZ,10:00:10,17.18,789
856,XYZ,10:02:18,19.46,614
857,XYZ,10:02:35,19.15,99
858,ABC,10:09:07,17.89,996
859,XYZ,10:12:53,17.21,842
860,XYZ,10:08:41,17.15,638
861,ABC,10:03:37,19.34,942
862,XYZ,10:09:08,16.7,909
863,ABC,10:00:47,17.07,910
864,ABC,10:09:13,17.74,740
865,XYZ,10:08:03,19.04,611
866,ABC,10:05:27,19.56,593
867,ABC,10:00:11,17.55,544
868,XYZ,10:01:42,16.74,120
869,XYZ,10:14:07,17.77,157
870,ABC,10:12:35,16.76,378
871,XYZ,10:02:40,16.12,374
872,XYZ,10:00:39,16.88,865
873,XYZ,10:03:34,17.53,953
874,XYZ,10:09:29,18.37,558
875,XYZ,10:14:54,16.37,890
876,XYZ,10:03:37,18.47,92
877,XYZ,10:14:04,17.85,668
878,ABC,10:02:41,17.55,244
879,XYZ,10:01:34,19.27,693
880,ABC,10:01:11,19.71,318
881,XYZ,10:04:57,18.94,671
882,XYZ,10:07:43,17.62,462
883,ABC,10:14:59,16.12,332
884,XYZ,10:06:07,16.31,410
885,XYZ,10:10:05,16.07,476
886,XYZ,10:09:22,16.26,950
887,ABC,10:12:22,19.78,853
888,ABC,10:09:41,19.25,515
889,XYZ,10:06:12,16.03,635
890,XYZ,10:10:04,19.99,239
891,ABC,10:10:32,19.81,111
892,XYZ,10:09:29,16.59,634
893,XYZ,10:08:09,16.88,933
894,XYZ,10:10:51,16.43,444
895,XYZ,10:14:50,19.19,654
896,ABC,10:13:57,19.42,595
897,ABC,10:12:41,16.68,949
898,XYZ,10:04:31,19.98,382
899,ABC,10:09:24,16.21,719
900,ABC,10:00:22,18.85,28
901,XYZ,10:02:16,16.67,415
902,XYZ,10:00:53,19.33,39
903,XYZ,10:00:12,16.25,366
904,ABC,10:13:07,19.58,816
905,XYZ,10:06:15,17.12,54
906,ABC,10:07:35,16.67,329
907,XYZ,10:00:12,17.44,427
908,XYZ,10:12:32,18.1,855
909,ABC,10:03:52,17.06,317
910,XYZ,10:11:51,19.13,842
911,XYZ,10:04:48,18.17,73
912,ABC,10:10:09,17.4,459
913,ABC,10:03:00,18.03,144
914,ABC,10:10:28,16.19,452
915,XYZ,10:06:01,19.91,429
916,ABC,10:07:59,19.07,341
917,ABC,10:11:51,18.55,267
918,XYZ,10:05:56,16.55,487
919,XYZ,10:01:42,18.94,43
920,XYZ,10:13:57,18.15,923
921,ABC,10:05:20,19.83,145
922,ABC,10:04:02,19.41,245
923,ABC,10:08:07,19.99,294
924,XYZ,10:04:42,18.44,925
925,XYZ,10:04:02,19.14,863
926,ABC,10:07:48,16.47,575
927,ABC,10:08:07,16.35,99
928,ABC,10:13:27,16.68,577
929,XYZ,10:08:47,18.82,373
930,ABC,10:06:07,18.94,410
931,XYZ,10:07:51,19.27,677
932,ABC,10:08:00,19.91,723
933,ABC,10:07:56,18.99,483
934,XYZ,10:08:28,18.57,376
935,XYZ,10:07:16,16.65,429
936,XYZ,10:14:29,17.37,73
937,XYZ,10:03:30,19.39,14
938,XYZ,10:00:35,16.77,92
939,ABC,10:07:15,18.67,114
940,ABC,10:08:26,18.21,522
941,XYZ,10:13:58,17.42,861
942,XYZ,10:14:46,18.73,464
943,XYZ,10:08:15,17.78,157
944,ABC,10:08:33,17.11,245
945,XYZ,10:02:30,17.71,795
946,XYZ,10:09:42,16.3,249
947,ABC,10:02:46,16.12,341
948,XYZ,10:07:44,17.85,506
949,XYZ,10:00:05,16.38,388
950,ABC,10:02:40,18.73,982
951,XYZ,10:03:15,16.98,860
952,XYZ,10:01:57,19.92,491
953,XYZ,10:09:06,18.1,673
954,ABC,10:14:08,17.3,447
955,ABC,10:12:32,18.97,869
956,XYZ,10:06:46,16.05,434
957,XYZ,10:12:45,19.29,544
958,ABC,10:11:50,19.76,419
959,XYZ,10:10:48,16.24,131
960,XYZ,10:06:25,18.58,622
961,ABC,10:07:51,19.39,648
962,XYZ,10:13:33,16.11,755
963,XYZ,10:14:45,17.35,989
964,ABC,10:00:03,18.94,659
965,XYZ,10:06:42,18.04,203
966,ABC,10:14:04,17.08,585
967,XYZ,10:05:35,19.3,385
968,ABC,10:02:04,17.71,670
969,ABC,10:09:24,16.29,518
970,ABC,10:07:52,18.62,224
971,ABC,10:00:41,17.25,178
972,ABC,10:02:05,18.55,464
973,ABC,10:02:38,18.29,511
974,ABC,10:13:37,18.56,157
975,XYZ,10:03:36,18.41,84
976,ABC,10:00:02,16.31,630
977,ABC,10:13:36,17.16,664
978,ABC,10:11:14,16.26,369
979,XYZ,10:02:22,17.73,577
980,ABC,10:14:53,17.58,216
981,XYZ,10:01:24,18.39,831
982,ABC,10:06:51,19.33,377
983,ABC,10:11:57,17.53,926
984,XYZ,10:08:30,19.33,255
985,XYZ,10:10:59,18.04,361
986,ABC,10:08:29,17.94,888
987,ABC,10:04:59,19.22,972
988,XYZ,10:07:46,18.41,551
989,ABC,10:05:04,16.82,350
990,XYZ,10:12:51,16.97,875
991,XYZ,10:01:11,17.9,174
992,XYZ,10:00:42,18.18,207
993,XYZ,10:08:28,17.44,417
994,ABC,10:02:35,17.66,440
995,ABC,10:03:25,19.69,340
996,ABC,10:11:00,16.78,428
997,XYZ,10:12:31,16.47,546
998,XYZ,10:12:44,19.16,914
999,XYZ,10:11:51,18.88,197
1000,XYZ,10:10:51,19.8,999
